,log_norm,alpha,alpha_weighted,log_alpha_norm,log_spectral_norm,stable_rank
0,2.909969057722821,18.40294803170762,6.951438747387208,8.038922494023321,0.5231320274786794,364.6294823103718
