,log_norm,alpha,alpha_weighted,log_alpha_norm,log_spectral_norm,stable_rank
0,2.9099733185457546,24.05123565539119,9.845552507331764,10.842672504195686,0.5244907339961756,363.89659467661187
