,log_norm,alpha,alpha_weighted,log_alpha_norm,log_spectral_norm,stable_rank
0,2.74883531585839,3.316009706198827,4.8766020887945185,5.316022158265212,1.4288352909725157,50.3340669296523
