,log_norm,alpha,alpha_weighted,log_alpha_norm,log_spectral_norm,stable_rank
0,4.104563043968545,3.9964104030152963,9.039802485182117,9.54914921582269,2.2296557477190575,83.25758424905345
