,log_norm,alpha,alpha_weighted,log_alpha_norm,log_spectral_norm,stable_rank
0,2.6864459767171938,13.135328134460087,10.419906965449252,11.360034138135603,0.7356142397405471,108.9258687814769
