,log_norm,alpha,alpha_weighted,log_alpha_norm,log_spectral_norm,stable_rank
0,2.658266349907998,15.549362012984945,9.825660598254004,10.74101634006994,0.6664221269643933,123.17228831898692
