{
    "log_norm": 2.181978788652839,
    "alpha": 4.778368920233529,
    "alpha_weighted": 3.1002551622430743,
    "log_alpha_norm": 3.636112713104552,
    "log_spectral_norm": 0.631401855380174,
    "stable_rank": 39.21288716628293
}