,log_norm,alpha,alpha_weighted,log_alpha_norm,log_spectral_norm,stable_rank
0,3.3228484478834637,4.481719271596233,6.726320560258196,7.166655732858388,1.513595710946641,87.59672595212561
