,log_norm,alpha,alpha_weighted,log_alpha_norm,log_spectral_norm,stable_rank
0,3.0080348406332957,24.762087399899297,7.587137033337333,8.697475571672799,0.4575415945010527,429.5887197538721
