,log_norm,alpha,alpha_weighted,log_alpha_norm,log_spectral_norm,stable_rank
0,1.1220709310264783,3.044220578488436,2.0315813831207166,3.5565336536659857,0.035362856340132906,23.39396109450354
