,log_norm,alpha,alpha_weighted,log_alpha_norm,log_spectral_norm,stable_rank
0,2.6866241269322026,13.589387180208277,10.731527808768451,11.657255039155494,0.7370454392809447,108.7912415963139
