,log_norm,alpha,alpha_weighted,log_alpha_norm,log_spectral_norm,stable_rank
0,2.9101019421237395,21.383586915299258,9.361952330220356,10.37967337534214,0.5241289771461104,364.08902810224214
