,log_norm,alpha,alpha_weighted,log_alpha_norm,log_spectral_norm,stable_rank
0,3.008077333124892,25.566760702407326,9.453245218797006,10.50375275217727,0.45802862914041015,429.2716039917928
