,log_norm,alpha,alpha_weighted,log_alpha_norm,log_spectral_norm,stable_rank
0,2.538585837272771,13.851467659134604,3.727354879913816,4.681007252997082,0.44191936087964295,175.0025891623654
