{
    "log_norm": 3.761067150037702,
    "alpha": 4.275698151433743,
    "alpha_weighted": 10.621257697494828,
    "log_alpha_norm": 11.0457619688412,
    "log_spectral_norm": 2.486150842760197,
    "stable_rank": 21.636725930609717
}