{
    "log_norm": 2.566120441244958,
    "alpha": 4.467373515567117,
    "alpha_weighted": 4.795586571241649,
    "log_alpha_norm": 5.186239698161791,
    "log_spectral_norm": 1.0928634753812558,
    "stable_rank": 32.110568272277995
}