{
    "log_norm": 2.3141707661361575,
    "alpha": 4.572811346616905,
    "alpha_weighted": 4.204876455219119,
    "log_alpha_norm": 4.601884423584774,
    "log_spectral_norm": 0.9530273213730589,
    "stable_rank": 26.60126589617683
}