{
    "log_norm": 3.517125984869325,
    "alpha": 4.539271413478533,
    "alpha_weighted": 8.70204223389833,
    "log_alpha_norm": 9.100957149119033,
    "log_spectral_norm": 1.895828823061971,
    "stable_rank": 54.47918634388323
}