,log_norm,alpha,alpha_weighted,log_alpha_norm,log_spectral_norm,stable_rank
0,2.9102240058290856,19.46632894701648,6.908047391333156,8.019362149313254,0.5237173329669812,364.6374139636122
