,log_norm,alpha,alpha_weighted,log_alpha_norm,log_spectral_norm,stable_rank
0,2.68631751472115,14.164848112263726,10.522117235890978,11.461345949989578,0.7363646986045477,108.88751048475054
