,log_norm,alpha,alpha_weighted,log_alpha_norm,log_spectral_norm,stable_rank
0,2.5385476365750312,14.012907665542873,4.0004959993766045,4.9418112596838215,0.4420649603021501,174.9879515566285
