,log_norm,alpha,alpha_weighted,log_alpha_norm,log_spectral_norm,stable_rank
0,2.5387028638717437,14.143430653094581,3.9159587666661646,4.852941345171697,0.4418696422082153,174.96935295200953
