,log_norm,alpha,alpha_weighted,log_alpha_norm,log_spectral_norm,stable_rank
0,3.1389905778762026,23.92875351449986,12.673056945801555,13.793741015973268,0.5191782712231741,462.67286559134715
