{
    "log_norm": 2.719348404864087,
    "alpha": 3.5627318013562483,
    "alpha_weighted": 4.914159454066367,
    "log_alpha_norm": 5.350946020738549,
    "log_spectral_norm": 1.3640042473473306,
    "stable_rank": 49.1127457982662
}