,log_norm,alpha,alpha_weighted,log_alpha_norm,log_spectral_norm,stable_rank
0,2.9099751250803996,20.68378052827414,8.354302394309553,9.398397288748376,0.5237596277639951,363.92767875641823
