,log_norm,alpha,alpha_weighted,log_alpha_norm,log_spectral_norm,stable_rank
0,1.9784695066066116,3.4206672801708815,2.6824628752958186,3.1345598000769117,0.7415803674263216,24.151273970810426
