,log_norm,alpha,alpha_weighted,log_alpha_norm,log_spectral_norm,stable_rank
0,2.9099945470330715,20.49183096267145,8.012046889311883,9.093323858693076,0.5232521856717441,364.9412649441274
