,log_norm,alpha,alpha_weighted,log_alpha_norm,log_spectral_norm,stable_rank
0,-2.7886422207316013,1.928669005382307,3.0881854075573147,7.663132151424666,-3.752794424362689,25.257265592310237
