,log_norm,alpha,alpha_weighted,log_alpha_norm,log_spectral_norm,stable_rank
0,2.686495435202882,13.899922910966032,10.335944981590051,11.26395298134866,0.7365485401575217,108.941357929657
