,log_norm,alpha,alpha_weighted,log_alpha_norm,log_spectral_norm,stable_rank
0,2.686495435202882,13.899922910966032,10.335944981590051,11.263952981348659,0.7365485401575216,108.941357929657
