{
    "log_norm": 1.9149878166410594,
    "alpha": 3.5987297966946534,
    "alpha_weighted": 2.6403542248162712,
    "log_alpha_norm": 3.20634864904941,
    "log_spectral_norm": 0.6248961739610989,
    "stable_rank": 26.636979001516963
}