{
    "log_norm": 1.1220709310264783,
    "alpha": 3.044220578488436,
    "alpha_weighted": 2.0315813831207166,
    "log_alpha_norm": 3.5565336536659857,
    "log_spectral_norm": 0.035362856340132906,
    "stable_rank": 23.39396109450354
}