,log_norm,alpha,alpha_weighted,log_alpha_norm,log_spectral_norm,stable_rank
0,2.9101779525804856,20.695078581918946,8.031924259565887,9.076607117243707,0.5241428875916869,364.3512551702429
