,log_norm,alpha,alpha_weighted,log_alpha_norm,log_spectral_norm,stable_rank
0,2.910098439178896,18.738121465493972,7.8344763989160136,8.90210671244515,0.5231691098348857,364.6982083535349
