{
    "log_norm": 2.280760825587037,
    "alpha": 4.2726505114260664,
    "alpha_weighted": 3.761272504857508,
    "log_alpha_norm": 4.123671524691898,
    "log_spectral_norm": 0.9084624324180451,
    "stable_rank": 28.406291366701584
}