,log_norm,alpha,alpha_weighted,log_alpha_norm,log_spectral_norm,stable_rank
0,2.686382126997244,14.718742124304871,10.925167559008559,11.815285635835046,0.7365992988663609,108.75461489233847
