{
    "log_norm": 2.0766151429929507,
    "alpha": 4.712662578268635,
    "alpha_weighted": 2.5493328077239905,
    "log_alpha_norm": 3.1203580505497137,
    "log_spectral_norm": 0.5385578415728274,
    "stable_rank": 37.74857543027565
}