,log_norm,alpha,alpha_weighted,log_alpha_norm,log_spectral_norm,stable_rank
0,3.0082270161782083,18.56426003777074,6.663736361644658,7.830912860549914,0.4583205493408411,428.639487376045
