{
    "log_norm": 2.3499414297070294,
    "alpha": 3.961790975859471,
    "alpha_weighted": 4.08217000676505,
    "log_alpha_norm": 4.5276220699728205,
    "log_spectral_norm": 1.0478480912041135,
    "stable_rank": 31.417857689188843
}