{
    "log_norm": 2.4338087406982285,
    "alpha": 4.863026688339597,
    "alpha_weighted": 4.049055929892986,
    "log_alpha_norm": 4.577213021730251,
    "log_spectral_norm": 0.8406275837057483,
    "stable_rank": 43.91704500731349
}