{
    "log_norm": 1.9784695066066116,
    "alpha": 3.4206672801708815,
    "alpha_weighted": 2.6824628752958186,
    "log_alpha_norm": 3.1345598000769117,
    "log_spectral_norm": 0.7415803674263216,
    "stable_rank": 24.151273970810426
}