{
    "log_norm": 3.632986080413602,
    "alpha": 4.564536218553589,
    "alpha_weighted": 9.272277147051675,
    "log_alpha_norm": 9.625159618155408,
    "log_spectral_norm": 2.011699648606294,
    "stable_rank": 50.963163634041
}