{
    "log_norm": 2.1402725558721225,
    "alpha": 3.6782690624801915,
    "alpha_weighted": 3.1797044041385956,
    "log_alpha_norm": 3.6817337136373944,
    "log_spectral_norm": 0.8611664407144125,
    "stable_rank": 28.52683009882264
}