{
    "log_norm": 2.42066821633574,
    "alpha": 3.946572151026511,
    "alpha_weighted": 3.878071388419167,
    "log_alpha_norm": 4.406508359969105,
    "log_spectral_norm": 1.0067364270804027,
    "stable_rank": 45.463722752961
}