,log_norm,alpha,alpha_weighted,log_alpha_norm,log_spectral_norm,stable_rank
0,2.6583325840716863,14.695681372228433,9.430826042185,10.348784157638372,0.666740699455712,123.07360674690997
