{
    "log_norm": 2.966655502170647,
    "alpha": 4.9744406907667065,
    "alpha_weighted": 5.940069041783303,
    "log_alpha_norm": 6.384852468574954,
    "log_spectral_norm": 1.2080964529798437,
    "stable_rank": 78.25689734222165
}