,log_norm,alpha,alpha_weighted,log_alpha_norm,log_spectral_norm,stable_rank
0,3.0081585692640016,31.11865421233167,10.360869466404829,11.32286571108636,0.4584790099849464,429.2907882594695
