{
    "log_norm": 3.5925569023193553,
    "alpha": 3.8537096874214005,
    "alpha_weighted": 9.434111568905461,
    "log_alpha_norm": 9.865390038669988,
    "log_spectral_norm": 2.377716554783647,
    "stable_rank": 20.664683634922863
}