{
    "log_norm": 2.271913013952799,
    "alpha": 5.029606820182993,
    "alpha_weighted": 3.515458706633405,
    "log_alpha_norm": 4.021959176163602,
    "log_spectral_norm": 0.6774186770487558,
    "stable_rank": 44.23034695529139
}