{
    "log_norm": 3.8833126243598706,
    "alpha": 4.320569782417215,
    "alpha_weighted": 8.900780710808187,
    "log_alpha_norm": 9.345896309392561,
    "log_spectral_norm": 2.0529738354338014,
    "stable_rank": 74.82473967676131
}