{
    "log_norm": 2.2846190629441483,
    "alpha": 4.430714210974895,
    "alpha_weighted": 3.9006296570371717,
    "log_alpha_norm": 4.276104635710622,
    "log_spectral_norm": 0.9065667667061366,
    "stable_rank": 28.162256086364977
}