{
    "log_norm": 1.3547693907042244,
    "alpha": 2.573138802746495,
    "alpha_weighted": 0.61528939463958,
    "log_alpha_norm": 2.0153354399706767,
    "log_spectral_norm": 0.1779376316750371,
    "stable_rank": 27.06833282603312
}