,log_norm,alpha,alpha_weighted,log_alpha_norm,log_spectral_norm,stable_rank
0,3.0081249817266262,24.791869751609322,8.906113056303976,9.961268203133193,0.45803382595676484,429.3735583571706
