{
    "log_norm": 2.4569202221782267,
    "alpha": 4.33781385068804,
    "alpha_weighted": 4.337560333269892,
    "log_alpha_norm": 4.7771920690365235,
    "log_spectral_norm": 1.0043876794063624,
    "stable_rank": 31.932316395646932
}