,log_norm,alpha,alpha_weighted,log_alpha_norm,log_spectral_norm,stable_rank
0,2.6582978667396016,13.98095591885389,8.523975584108122,9.479614401144357,0.6663604067389023,123.1841077114032
