,log_norm,alpha,alpha_weighted,log_alpha_norm,log_spectral_norm,stable_rank
0,3.1390241828096683,24.802951908804673,12.584832491606727,13.691154608358989,0.5195778114917439,462.30683836456564
