{
    "log_norm": 2.626508623742878,
    "alpha": 3.881308248528766,
    "alpha_weighted": 4.677350879728459,
    "log_alpha_norm": 5.125898400348728,
    "log_spectral_norm": 1.2239146320916037,
    "stable_rank": 47.23101549717525
}