{
    "log_norm": 0.04944908840491843,
    "alpha": 2.3339928199252427,
    "alpha_weighted": 0.9090793759576098,
    "log_alpha_norm": 3.777101767546379,
    "log_spectral_norm": -0.9824256987306561,
    "stable_rank": 26.031880433089768
}