,log_norm,alpha,alpha_weighted,log_alpha_norm,log_spectral_norm,stable_rank
0,2.686536604439188,12.679557303078399,9.61782571966957,10.566932130158268,0.736768005361354,108.85091391690734
