,log_norm,alpha,alpha_weighted,log_alpha_norm,log_spectral_norm,stable_rank
0,2.658371470844008,14.799895336000743,8.566077155805957,9.48865990892681,0.6665730863671524,123.1463975419724
