{
    "log_norm": 1.9554095916970406,
    "alpha": 4.758534013155971,
    "alpha_weighted": 2.5126567712990484,
    "log_alpha_norm": 3.025815505066948,
    "log_spectral_norm": 0.5139474160326611,
    "stable_rank": 29.859007999844085
}