{
    "log_norm": 2.160308949196778,
    "alpha": 3.6370278965326657,
    "alpha_weighted": 3.3073027931905963,
    "log_alpha_norm": 3.731878566679558,
    "log_spectral_norm": 0.9030802656261231,
    "stable_rank": 23.563229652989605
}