{
    "log_norm": 3.135148322677804,
    "alpha": 4.83756357155059,
    "alpha_weighted": 6.421003634630868,
    "log_alpha_norm": 6.842436439411212,
    "log_spectral_norm": 1.328013258544525,
    "stable_rank": 82.16533971675021
}