{
    "log_norm": 2.187081999252632,
    "alpha": 3.9508312841881086,
    "alpha_weighted": 3.469245241484897,
    "log_alpha_norm": 3.950542752818128,
    "log_spectral_norm": 0.876462414627794,
    "stable_rank": 27.09013467201792
}