{
    "log_norm": 1.6570855740658004,
    "alpha": 3.0902999754651055,
    "alpha_weighted": 1.4645608383745872,
    "log_alpha_norm": 3.0848477125095397,
    "log_spectral_norm": 0.4195678723741505,
    "stable_rank": 31.222282237469358
}