{
    "log_norm": 1.1545931620535883,
    "alpha": 2.3910177884728707,
    "alpha_weighted": 0.18382629178839321,
    "log_alpha_norm": 1.3062214000217687,
    "log_spectral_norm": 0.026779690241646545,
    "stable_rank": 26.56897158040364
}