,log_norm,alpha,alpha_weighted,log_alpha_norm,log_spectral_norm,stable_rank
0,3.0081780216202856,21.37202733651505,7.760017755935116,8.848750350939072,0.45892862467034984,429.0599165398875
