,log_norm,alpha,alpha_weighted,log_alpha_norm,log_spectral_norm,stable_rank
0,2.9099668753159107,20.73706035966028,7.327277481767978,8.364401889096278,0.5228931065475306,364.97613387166433
