,log_norm,alpha,alpha_weighted,log_alpha_norm,log_spectral_norm,stable_rank
0,3.008014676600064,24.084787976717433,8.010425561850756,9.073330044579482,0.4578518310892873,429.38121221244296
