,log_norm,alpha,alpha_weighted,log_alpha_norm,log_spectral_norm,stable_rank
0,2.658261665004634,15.152019937314519,10.010623282542532,10.942077140417021,0.6669817049708364,123.09291734597345
