{
    "log_norm": -1.2358323877404351,
    "alpha": 2.095713046859631,
    "alpha_weighted": 1.8700966801097592,
    "log_alpha_norm": 5.168962833227541,
    "log_spectral_norm": -2.23149600809128,
    "stable_rank": 25.043246733528893
}