{
    "log_norm": 2.301092958768566,
    "alpha": 3.6379159337327454,
    "alpha_weighted": 3.80968901289674,
    "log_alpha_norm": 4.258381927681303,
    "log_spectral_norm": 1.0340500413567664,
    "stable_rank": 39.39400376349611
}