,log_norm,alpha,alpha_weighted,log_alpha_norm,log_spectral_norm,stable_rank
0,2.5385763048755523,14.45081965774864,3.770762738462376,4.7062523934356975,0.44172539098534414,175.06057882907768
