{
    "log_norm": -2.7886422207316013,
    "alpha": 1.928669005382307,
    "alpha_weighted": 3.0881854075573147,
    "log_alpha_norm": 7.663132151424666,
    "log_spectral_norm": -3.752794424362689,
    "stable_rank": 25.257265592310237
}