{
    "log_norm": 2.4212518430501966,
    "alpha": 4.017643674356329,
    "alpha_weighted": 4.190399142196275,
    "log_alpha_norm": 4.61552216464836,
    "log_spectral_norm": 1.0365076601575178,
    "stable_rank": 28.38740696573803
}