,log_norm,alpha,alpha_weighted,log_alpha_norm,log_spectral_norm,stable_rank
0,3.00808176744611,25.87058781507172,7.549598961361286,8.602355310688527,0.4581625500692971,429.0973094601535
