{
    "log_norm": 4.104563043968545,
    "alpha": 3.9964104030152963,
    "alpha_weighted": 9.039802485182117,
    "log_alpha_norm": 9.54914921582269,
    "log_spectral_norm": 2.2296557477190575,
    "stable_rank": 83.25758424905345
}