{
    "log_norm": 2.159234334961024,
    "alpha": 4.122860674696087,
    "alpha_weighted": 3.5362908418961467,
    "log_alpha_norm": 3.9869071064088906,
    "log_spectral_norm": 0.8784048047635511,
    "stable_rank": 26.20584367019519
}