,log_norm,alpha,alpha_weighted,log_alpha_norm,log_spectral_norm,stable_rank
0,3.0080721896178613,24.855078133260704,8.295744227266445,9.363885293040408,0.45774911348667385,429.79742899327465
