{
    "log_norm": 2.4876474940569677,
    "alpha": 3.994679911496303,
    "alpha_weighted": 4.170665232747038,
    "log_alpha_norm": 4.617293292060553,
    "log_spectral_norm": 1.0492660874186648,
    "stable_rank": 29.52199365495234
}