{
    "log_norm": 3.0427541174850514,
    "alpha": 4.949693115938764,
    "alpha_weighted": 6.011074289876074,
    "log_alpha_norm": 6.462173708001524,
    "log_spectral_norm": 1.232259451374188,
    "stable_rank": 84.40043546843205
}