{
    "log_norm": 2.6189578113433827,
    "alpha": 3.8615219996314565,
    "alpha_weighted": 4.8770829829466145,
    "log_alpha_norm": 5.275596892581005,
    "log_spectral_norm": 1.2525838818252766,
    "stable_rank": 50.75149214647856
}