,log_norm,alpha,alpha_weighted,log_alpha_norm,log_spectral_norm,stable_rank
0,3.1389711310302757,21.595798789182233,11.308780204906656,12.522156753738887,0.5189715444237577,462.574916346869
