{
    "log_norm": 3.3228484478834637,
    "alpha": 4.481719271596233,
    "alpha_weighted": 6.726320560258196,
    "log_alpha_norm": 7.166655732858388,
    "log_spectral_norm": 1.513595710946641,
    "stable_rank": 87.59672595212561
}