{
    "log_norm": -2.3840846639928572,
    "alpha": 1.8905380927866102,
    "alpha_weighted": 2.9136856340028165,
    "log_alpha_norm": 7.204201879038397,
    "log_spectral_norm": -3.3623921023296797,
    "stable_rank": 25.511347105938512
}