{
    "log_norm": 2.85593518856853,
    "alpha": 5.485025752249394,
    "alpha_weighted": 5.765567201150068,
    "log_alpha_norm": 6.179018125514413,
    "log_spectral_norm": 1.0874904514905397,
    "stable_rank": 70.48856823453673
}