{
    "log_norm": 2.38638848930506,
    "alpha": 4.036560961869162,
    "alpha_weighted": 3.804373820608217,
    "log_alpha_norm": 4.247605240045837,
    "log_spectral_norm": 0.9473595450729088,
    "stable_rank": 29.757767443679334
}