{
    "log_norm": 2.7069445993993924,
    "alpha": 4.969609576924927,
    "alpha_weighted": 5.343240371366928,
    "log_alpha_norm": 5.8071764724453185,
    "log_spectral_norm": 1.0892223867018238,
    "stable_rank": 51.93388310947983
}