,log_norm,alpha,alpha_weighted,log_alpha_norm,log_spectral_norm,stable_rank
0,2.9101010087357544,25.333121593372436,8.054384957764581,9.059625915519621,0.5243627737381943,364.35239980416503
