{
    "log_norm": 2.3626799302837465,
    "alpha": 4.1516286582458575,
    "alpha_weighted": 4.150424647446077,
    "log_alpha_norm": 4.555359367926736,
    "log_spectral_norm": 0.9906723690238097,
    "stable_rank": 27.69932553998322
}