,log_norm,alpha,alpha_weighted,log_alpha_norm,log_spectral_norm,stable_rank
0,3.0081305490528076,23.04621009452451,8.703763471451511,9.764226407933156,0.4582675078755787,429.14897023542903
