,log_norm,alpha,alpha_weighted,log_alpha_norm,log_spectral_norm,stable_rank
0,3.008130549052807,23.04621009452451,8.70376347145151,9.764226407933156,0.4582675078755787,429.14897023542903
