,log_norm,alpha,alpha_weighted,log_alpha_norm,log_spectral_norm,stable_rank
0,2.6584217705102913,14.299100126288542,8.019886177202176,8.963397822253777,0.6668514745435342,123.17971821218312
