,log_norm,alpha,alpha_weighted,log_alpha_norm,log_spectral_norm,stable_rank
0,2.6584557271903364,13.413029227663595,9.171322562297451,10.12302143871673,0.6666900134511399,123.23216983276312
