{
    "log_norm": 2.4876361554485533,
    "alpha": 5.204605430712099,
    "alpha_weighted": 4.249922521498947,
    "log_alpha_norm": 4.735102123242777,
    "log_spectral_norm": 0.8371995703778957,
    "stable_rank": 55.34522093836261
}