,log_norm,alpha,alpha_weighted,log_alpha_norm,log_spectral_norm,stable_rank
0,3.138911834499685,20.226586497151597,10.447940461647464,11.655660374530084,0.5186962690846699,463.0330774409548
