,log_norm,alpha,alpha_weighted,log_alpha_norm,log_spectral_norm,stable_rank
0,3.008183168051704,30.523136061352634,10.748217241166556,11.720462428581714,0.4579676643840773,428.84739354769624
