,log_norm,alpha,alpha_weighted,log_alpha_norm,log_spectral_norm,stable_rank
0,3.0081742498500446,25.38732778661712,9.430256152243834,10.486098000503148,0.4573672076108173,430.21315589799326
