,log_norm,alpha,alpha_weighted,log_alpha_norm,log_spectral_norm,stable_rank
0,2.909986454132635,21.241108157482223,9.193052258016355,10.18224286064691,0.5247131084309556,363.46609051301704
