{
    "log_norm": 3.5519095444229074,
    "alpha": 4.4883945152683,
    "alpha_weighted": 7.96958411940806,
    "log_alpha_norm": 8.429269453158792,
    "log_spectral_norm": 1.772271470230748,
    "stable_rank": 68.9996498086338
}