,log_norm,alpha,alpha_weighted,log_alpha_norm,log_spectral_norm,stable_rank
0,2.686325901153295,12.431539789000333,9.495522004608327,10.472634136927992,0.735680062699996,108.97055847907312
