{
    "log_norm": 2.3688708080416,
    "alpha": 4.344579920553603,
    "alpha_weighted": 4.184196374951708,
    "log_alpha_norm": 4.561926431025127,
    "log_spectral_norm": 0.9676646403525182,
    "stable_rank": 29.634306079722386
}