,log_norm,alpha,alpha_weighted,log_alpha_norm,log_spectral_norm,stable_rank
0,3.139067014904052,18.935244090252798,8.724851957585823,9.951705166622476,0.5192061587653387,462.9234477380927
