,log_norm,alpha,alpha_weighted,log_alpha_norm,log_spectral_norm,stable_rank
0,2.9098803671411138,19.31913297131414,7.1516920480586075,8.20740928559315,0.5243045363706433,363.9051256775838
