{
    "log_norm": 2.310428075728436,
    "alpha": 3.8115670118395415,
    "alpha_weighted": 3.668748246194297,
    "log_alpha_norm": 4.108250540106501,
    "log_spectral_norm": 0.958256695681797,
    "stable_rank": 26.91724414525994
}