,log_norm,alpha,alpha_weighted,log_alpha_norm,log_spectral_norm,stable_rank
0,2.6866592421192776,14.449164321331365,11.13430942876567,12.037212305288868,0.7368409126871781,108.79196687440206
