,log_norm,alpha,alpha_weighted,log_alpha_norm,log_spectral_norm,stable_rank
0,2.686659242119278,14.449164321331365,11.134309428765672,12.037212305288868,0.7368409126871782,108.79196687440209
